timestamp,frame_id,label,confidence,track_id,bbox
2025-11-27T22:11:28.362026,1,person,0.6637352108955383,0,"(39, 108, 471, 478)"
2025-11-27T22:11:28.615949,2,person,0.9073885083198547,0,"(58, 101, 470, 479)"
2025-11-27T22:11:28.791646,3,person,0.9183428287506104,0,"(53, 101, 469, 479)"
2025-11-27T22:11:28.969329,4,person,0.9049752354621887,0,"(42, 100, 467, 479)"
2025-11-27T22:11:29.147858,5,person,0.9058222770690918,0,"(40, 102, 462, 479)"
2025-11-27T22:11:29.322458,6,person,0.8889617919921875,0,"(30, 102, 463, 479)"
2025-11-27T22:11:29.511763,7,person,0.8977700471878052,0,"(37, 101, 462, 479)"
2025-11-27T22:11:29.710880,8,person,0.9052249193191528,0,"(47, 103, 463, 479)"
2025-11-27T22:11:29.929609,9,person,0.9159799814224243,0,"(45, 102, 463, 479)"
2025-11-27T22:11:30.136439,10,person,0.896960437297821,0,"(43, 102, 466, 479)"
2025-11-27T22:11:30.142958,10,couch,0.400189608335495,1,"(0, 231, 542, 479)"
2025-11-27T22:11:30.340268,11,person,0.9147863388061523,0,"(61, 101, 467, 479)"
2025-11-27T22:11:30.535086,12,person,0.8711841702461243,0,"(52, 101, 473, 478)"
2025-11-27T22:11:30.709317,13,person,0.8962584733963013,0,"(6, 103, 477, 479)"
2025-11-27T22:11:30.902794,14,person,0.89425128698349,0,"(8, 107, 461, 477)"
2025-11-27T22:11:31.090480,15,person,0.8787971138954163,0,"(38, 108, 455, 477)"
2025-11-27T22:11:31.261292,16,person,0.8672277331352234,0,"(35, 108, 465, 478)"
2025-11-27T22:11:31.461365,17,person,0.8926642537117004,0,"(18, 108, 470, 479)"
2025-11-27T22:11:31.649729,18,person,0.8717912435531616,0,"(22, 108, 471, 479)"
2025-11-27T22:11:31.842291,19,person,0.8987001180648804,0,"(14, 112, 438, 479)"
2025-11-27T22:11:32.038300,20,person,0.8573437333106995,0,"(22, 110, 442, 479)"
2025-11-27T22:11:32.228173,21,person,0.8960628509521484,0,"(35, 109, 453, 479)"
2025-11-27T22:11:32.429872,22,person,0.8742378950119019,0,"(55, 107, 462, 479)"
2025-11-27T22:11:32.614168,23,person,0.8572178483009338,0,"(34, 105, 444, 479)"
2025-11-27T22:11:32.800805,24,person,0.8714953660964966,0,"(23, 107, 436, 479)"
2025-11-27T22:11:32.978997,25,person,0.892140805721283,0,"(29, 108, 433, 479)"
2025-11-27T22:11:33.160237,26,person,0.9150872230529785,0,"(37, 109, 433, 479)"
2025-11-27T22:11:33.333369,27,person,0.911293625831604,0,"(36, 109, 433, 479)"
2025-11-27T22:11:33.506540,28,person,0.8838759064674377,0,"(34, 109, 433, 479)"
2025-11-27T22:11:33.682451,29,person,0.878391683101654,0,"(34, 108, 431, 479)"
2025-11-27T22:11:33.847954,30,person,0.8868010640144348,0,"(33, 111, 422, 479)"
2025-11-27T22:11:34.027278,31,person,0.8365380764007568,0,"(21, 112, 421, 480)"
2025-11-27T22:11:34.201017,32,person,0.8641594052314758,0,"(33, 116, 424, 479)"
2025-11-27T22:11:34.374657,33,person,0.8825567364692688,0,"(23, 115, 424, 479)"
2025-11-27T22:11:34.548983,34,person,0.8702134490013123,0,"(31, 115, 423, 479)"
2025-11-27T22:11:34.717091,35,person,0.8802114725112915,0,"(25, 115, 423, 479)"
2025-11-27T22:11:34.899950,36,person,0.8625884652137756,0,"(32, 116, 425, 479)"
2025-11-27T22:11:35.087664,37,person,0.8979569673538208,0,"(28, 112, 422, 480)"
2025-11-27T22:11:35.276993,38,person,0.8768129348754883,0,"(41, 115, 424, 479)"
2025-11-27T22:11:35.465776,39,person,0.8674898743629456,0,"(26, 113, 429, 479)"
2025-11-27T22:11:35.667939,40,person,0.849940299987793,0,"(28, 111, 442, 480)"
2025-11-27T22:11:35.864203,41,person,0.847476601600647,0,"(8, 108, 457, 479)"
2025-11-27T22:11:36.056758,42,person,0.8262518644332886,0,"(7, 108, 466, 479)"
2025-11-27T22:11:36.237399,43,person,0.8271893858909607,0,"(36, 110, 474, 479)"
2025-11-27T22:11:36.416856,44,person,0.8422150611877441,0,"(5, 111, 475, 479)"
2025-11-27T22:11:36.600208,45,person,0.809753954410553,0,"(3, 110, 476, 479)"
2025-11-27T22:11:36.789154,46,person,0.8777671456336975,0,"(0, 109, 476, 479)"
2025-11-27T22:11:36.982151,47,person,0.8284174203872681,0,"(10, 109, 468, 479)"
2025-11-27T22:11:37.215203,48,person,0.8065390586853027,0,"(22, 113, 444, 479)"
2025-11-27T22:11:37.405082,49,person,0.6617200374603271,0,"(4, 116, 429, 478)"
2025-11-27T22:11:37.588518,50,person,0.7694406509399414,0,"(0, 119, 410, 478)"
2025-11-27T22:11:37.763258,51,person,0.8251063823699951,0,"(0, 123, 407, 479)"
2025-11-27T22:11:37.937718,52,person,0.49981385469436646,0,"(0, 120, 408, 477)"
2025-11-27T22:11:38.115867,53,person,0.4809657335281372,0,"(0, 121, 408, 476)"
2025-11-27T22:11:38.291758,54,person,0.5117211937904358,0,"(0, 120, 408, 478)"
2025-11-27T22:11:38.462026,55,person,0.4927012324333191,0,"(0, 120, 409, 475)"
2025-11-27T22:11:38.637596,56,person,0.5197279453277588,0,"(0, 118, 424, 478)"
2025-11-27T22:11:38.812282,57,person,0.8636656999588013,0,"(0, 123, 407, 479)"
2025-11-27T22:11:38.980254,58,person,0.8574939966201782,0,"(0, 121, 409, 479)"
2025-11-27T22:11:39.156976,59,person,0.8845819234848022,0,"(0, 120, 409, 479)"
2025-11-27T22:11:39.327357,60,person,0.8815338015556335,0,"(0, 119, 407, 479)"
2025-11-27T22:11:39.500767,61,person,0.8889302611351013,0,"(0, 119, 408, 479)"
2025-11-27T22:11:39.667461,62,person,0.885015070438385,0,"(0, 120, 407, 479)"
2025-11-27T22:11:39.844522,63,person,0.8584578633308411,0,"(0, 119, 408, 479)"
2025-11-27T22:11:40.019564,64,person,0.8682198524475098,0,"(0, 123, 408, 479)"
2025-11-27T22:11:40.194165,65,person,0.8571428656578064,0,"(0, 125, 409, 479)"
2025-11-27T22:11:40.367589,66,person,0.8746700286865234,0,"(0, 125, 412, 479)"
2025-11-27T22:11:40.541235,67,person,0.8834739327430725,0,"(0, 123, 417, 479)"
2025-11-27T22:11:40.724067,68,person,0.8769487738609314,0,"(0, 123, 416, 479)"
2025-11-27T22:11:40.896986,69,person,0.871355414390564,0,"(0, 120, 416, 479)"
2025-11-27T22:11:41.091100,70,person,0.8694858551025391,0,"(0, 119, 415, 479)"
2025-11-27T22:11:41.268416,71,person,0.8546913266181946,0,"(0, 119, 421, 479)"
2025-11-27T22:11:41.447061,72,person,0.8672735691070557,0,"(1, 122, 423, 478)"
2025-11-27T22:11:41.635843,73,person,0.8512296676635742,0,"(2, 125, 418, 479)"
2025-11-27T22:11:41.818187,74,person,0.8449265360832214,0,"(2, 118, 418, 479)"
2025-11-27T22:11:42.003173,75,person,0.8673170208930969,0,"(1, 117, 423, 479)"
2025-11-27T22:11:42.194372,76,person,0.8488084673881531,0,"(2, 117, 425, 479)"
2025-11-27T22:11:42.380959,77,person,0.8639000058174133,0,"(9, 117, 427, 479)"
2025-11-27T22:11:42.575837,78,person,0.8531745672225952,0,"(8, 117, 429, 479)"
2025-11-27T22:11:42.756186,79,person,0.85286945104599,0,"(9, 119, 432, 478)"
2025-11-27T22:11:42.934304,80,person,0.8640545606613159,0,"(13, 119, 431, 479)"
2025-11-27T22:11:43.126907,81,person,0.857456386089325,0,"(24, 119, 435, 479)"
2025-11-27T22:11:43.303611,82,person,0.8627739548683167,0,"(13, 119, 432, 478)"
2025-11-27T22:11:43.480385,83,person,0.8544358015060425,0,"(16, 120, 435, 479)"
2025-11-27T22:11:43.656727,84,person,0.8646913766860962,0,"(14, 121, 434, 479)"
2025-11-27T22:11:43.823664,85,person,0.8617266416549683,0,"(16, 122, 430, 479)"
2025-11-27T22:11:43.991640,86,person,0.8566023111343384,0,"(13, 123, 430, 479)"
2025-11-27T22:11:44.171941,87,person,0.8742269277572632,0,"(15, 123, 429, 479)"
2025-11-27T22:11:44.340319,88,person,0.8820410966873169,0,"(12, 124, 433, 479)"
2025-11-27T22:11:44.517896,89,person,0.8726862668991089,0,"(21, 128, 436, 479)"
2025-11-27T22:11:44.693404,90,person,0.8860374093055725,0,"(40, 131, 440, 479)"
2025-11-27T22:11:44.864533,91,person,0.8847607970237732,0,"(41, 132, 441, 479)"
2025-11-27T22:11:45.034409,92,person,0.8781229257583618,0,"(23, 132, 439, 479)"
2025-11-27T22:11:45.205680,93,person,0.8758402466773987,0,"(40, 130, 439, 479)"
2025-11-27T22:11:45.382142,94,person,0.8728415966033936,0,"(42, 131, 436, 479)"
2025-11-27T22:11:45.554661,95,person,0.7873992919921875,0,"(55, 122, 419, 479)"
2025-11-27T22:11:45.735231,96,person,0.8776199221611023,0,"(54, 119, 417, 479)"
2025-11-27T22:11:45.924407,97,person,0.8565192222595215,0,"(53, 119, 418, 479)"
2025-11-27T22:11:46.135997,98,person,0.8783771395683289,0,"(47, 122, 419, 479)"
2025-11-27T22:11:46.328154,99,person,0.85494464635849,0,"(54, 122, 419, 480)"
2025-11-27T22:11:46.536163,100,person,0.8657359480857849,0,"(57, 123, 416, 479)"
2025-11-27T22:11:46.738550,101,person,0.8687572479248047,0,"(56, 123, 419, 479)"
2025-11-27T22:11:46.967955,102,person,0.9090095162391663,0,"(53, 123, 438, 479)"
2025-11-27T22:11:47.186458,103,person,0.9093233346939087,0,"(51, 121, 440, 479)"
2025-11-27T22:11:47.456092,104,person,0.912855327129364,0,"(57, 118, 446, 479)"
2025-11-27T22:11:47.458788,104,couch,0.47282469272613525,2,"(0, 227, 570, 478)"
2025-11-27T22:11:47.694324,105,person,0.9204456806182861,0,"(62, 118, 447, 479)"
2025-11-27T22:11:47.699707,105,person,0.6311095356941223,3,"(0, 193, 98, 478)"
2025-11-27T22:11:47.927514,106,person,0.9196068644523621,0,"(62, 118, 447, 479)"
2025-11-27T22:11:47.932111,106,person,0.7543560266494751,3,"(0, 168, 102, 477)"
2025-11-27T22:11:48.165300,107,person,0.9211919903755188,0,"(62, 118, 446, 479)"
2025-11-27T22:11:48.170667,107,person,0.6225067973136902,3,"(0, 151, 110, 479)"
2025-11-27T22:11:48.355672,108,person,0.9186619520187378,0,"(61, 118, 446, 479)"
2025-11-27T22:11:48.361114,108,person,0.6710520386695862,3,"(0, 144, 114, 479)"
2025-11-27T22:11:48.558429,109,person,0.9160044193267822,0,"(61, 118, 445, 479)"
2025-11-27T22:11:48.564059,109,person,0.71657395362854,3,"(0, 134, 109, 478)"
2025-11-27T22:11:48.777309,110,person,0.9036775231361389,0,"(59, 118, 444, 479)"
2025-11-27T22:11:48.782554,110,person,0.7059661746025085,3,"(0, 117, 108, 479)"
2025-11-27T22:11:49.019874,111,person,0.9064691662788391,0,"(57, 119, 444, 479)"
2025-11-27T22:11:49.025375,111,person,0.7068368792533875,3,"(0, 97, 115, 479)"
2025-11-27T22:11:49.269213,112,person,0.8896797299385071,0,"(49, 120, 442, 479)"
2025-11-27T22:11:49.274319,112,person,0.7187811732292175,3,"(0, 98, 104, 479)"
2025-11-27T22:11:49.527442,113,person,0.8999025225639343,0,"(56, 120, 441, 479)"
2025-11-27T22:11:49.533094,113,person,0.7784843444824219,3,"(0, 98, 110, 479)"
2025-11-27T22:11:49.769133,114,person,0.9005908966064453,0,"(55, 120, 441, 479)"
2025-11-27T22:11:49.774051,114,person,0.828757643699646,3,"(0, 105, 108, 478)"
2025-11-27T22:11:50.008450,115,person,0.9038593173027039,0,"(55, 120, 441, 479)"
2025-11-27T22:11:50.013519,115,person,0.8123103380203247,3,"(0, 106, 114, 478)"
2025-11-27T22:11:50.226735,116,person,0.8854591250419617,0,"(51, 120, 439, 479)"
2025-11-27T22:11:50.232278,116,person,0.6963263154029846,3,"(0, 107, 122, 478)"
2025-11-27T22:11:50.418228,117,person,0.8884627819061279,0,"(47, 120, 440, 479)"
2025-11-27T22:11:50.424158,117,person,0.656335711479187,3,"(0, 105, 93, 479)"
2025-11-27T22:11:50.605723,118,person,0.8898710608482361,0,"(50, 117, 442, 479)"
2025-11-27T22:11:50.611293,118,person,0.7085471749305725,3,"(0, 107, 95, 478)"
2025-11-27T22:11:50.824628,119,person,0.8754744529724121,0,"(40, 108, 446, 478)"
2025-11-27T22:11:50.829987,119,person,0.797993004322052,3,"(0, 109, 100, 478)"
2025-11-27T22:11:51.014313,120,person,0.8803468942642212,0,"(36, 107, 445, 479)"
2025-11-27T22:11:51.019720,120,person,0.7477127313613892,3,"(0, 109, 107, 478)"
2025-11-27T22:11:51.221616,121,person,0.8882560133934021,0,"(23, 120, 435, 479)"
2025-11-27T22:11:51.226901,121,person,0.7095208764076233,3,"(0, 109, 99, 478)"
2025-11-27T22:11:51.432041,122,person,0.9032299518585205,0,"(43, 124, 434, 479)"
2025-11-27T22:11:51.437747,122,person,0.7833627462387085,3,"(0, 112, 94, 479)"
2025-11-27T22:11:51.619693,123,person,0.9205938577651978,0,"(48, 128, 431, 479)"
2025-11-27T22:11:51.625123,123,person,0.7899067401885986,3,"(0, 112, 108, 478)"
2025-11-27T22:11:51.879376,124,person,0.921746551990509,0,"(49, 130, 430, 479)"
2025-11-27T22:11:51.883347,124,person,0.680347204208374,3,"(0, 111, 105, 478)"
2025-11-27T22:11:52.073041,125,person,0.9279329180717468,0,"(53, 132, 430, 479)"
2025-11-27T22:11:52.077839,125,person,0.8027468323707581,3,"(0, 111, 105, 478)"
2025-11-27T22:11:52.293884,126,person,0.9123268127441406,0,"(55, 133, 433, 479)"
2025-11-27T22:11:52.299460,126,person,0.8039846420288086,3,"(0, 113, 114, 478)"
2025-11-27T22:11:52.503609,127,person,0.9258577227592468,0,"(56, 132, 432, 479)"
2025-11-27T22:11:52.509109,127,person,0.7859638333320618,3,"(0, 116, 102, 478)"
2025-11-27T22:11:52.721803,128,person,0.8907588124275208,0,"(52, 133, 428, 479)"
2025-11-27T22:11:52.726539,128,person,0.7998672723770142,3,"(0, 118, 112, 478)"
2025-11-27T22:11:52.933780,129,person,0.8968530893325806,0,"(49, 129, 448, 479)"
2025-11-27T22:11:52.938531,129,person,0.7846112251281738,3,"(0, 119, 114, 478)"
2025-11-27T22:11:53.151066,130,person,0.906099259853363,0,"(53, 130, 449, 479)"
2025-11-27T22:11:53.156554,130,person,0.804719090461731,3,"(0, 120, 112, 478)"
2025-11-27T22:11:53.373050,131,person,0.9121831059455872,0,"(53, 132, 452, 479)"
2025-11-27T22:11:53.377029,131,person,0.7255288362503052,3,"(0, 124, 112, 478)"
2025-11-27T22:11:53.578045,132,person,0.896578848361969,0,"(46, 131, 442, 479)"
2025-11-27T22:11:53.583485,132,person,0.6920356154441833,3,"(0, 122, 108, 479)"
2025-11-27T22:11:53.794306,133,person,0.904918372631073,0,"(44, 128, 441, 479)"
2025-11-27T22:11:53.800401,133,person,0.7665378451347351,3,"(0, 127, 110, 479)"
2025-11-27T22:11:54.010324,134,person,0.9051095843315125,0,"(41, 124, 433, 479)"
2025-11-27T22:11:54.015565,134,person,0.5975878238677979,3,"(0, 136, 87, 479)"
2025-11-27T22:11:54.206541,135,person,0.916728675365448,0,"(40, 125, 434, 479)"
2025-11-27T22:11:54.212698,135,person,0.6493188142776489,3,"(0, 149, 85, 479)"
2025-11-27T22:11:54.393690,136,person,0.9260596036911011,0,"(37, 124, 429, 479)"
2025-11-27T22:11:54.582893,137,person,0.9312427043914795,0,"(36, 125, 425, 479)"
2025-11-27T22:11:54.809021,138,person,0.9341062903404236,0,"(29, 128, 424, 479)"
2025-11-27T22:11:55.059328,139,person,0.9015796184539795,0,"(27, 127, 435, 479)"
2025-11-27T22:11:55.330394,140,person,0.8879767656326294,0,"(40, 108, 462, 479)"
2025-11-27T22:11:55.519182,141,person,0.8837708234786987,0,"(25, 85, 488, 479)"
2025-11-27T22:11:55.753508,142,person,0.9099461436271667,0,"(24, 68, 507, 479)"
2025-11-27T22:11:55.977878,143,person,0.9231238961219788,0,"(17, 65, 512, 479)"
2025-11-27T22:11:56.208069,144,person,0.8948471546173096,0,"(12, 62, 512, 479)"
2025-11-27T22:11:56.442570,145,person,0.8804306983947754,0,"(10, 62, 510, 479)"
2025-11-27T22:11:56.658869,146,person,0.8741680979728699,0,"(15, 60, 514, 479)"
2025-11-27T22:11:56.874047,147,person,0.8976715803146362,0,"(11, 60, 512, 479)"
2025-11-27T22:11:57.079562,148,person,0.901596188545227,0,"(6, 58, 515, 479)"
2025-11-27T22:11:57.284216,149,person,0.8967355489730835,0,"(10, 56, 517, 479)"
2025-11-27T22:11:57.481957,150,person,0.8902463316917419,0,"(16, 55, 523, 479)"
2025-11-27T22:11:57.689195,151,person,0.8792498707771301,0,"(14, 55, 520, 479)"
2025-11-27T22:11:57.909793,152,person,0.8785632252693176,0,"(14, 54, 519, 479)"
2025-11-27T22:11:58.127861,153,person,0.8672652840614319,0,"(20, 53, 517, 479)"
2025-11-27T22:11:58.349993,154,person,0.8738340139389038,0,"(17, 54, 518, 479)"
2025-11-27T22:11:58.484765,155,person,0.8824083805084229,0,"(16, 54, 517, 479)"
2025-11-27T22:11:58.851071,156,person,0.8988343477249146,0,"(13, 58, 515, 479)"
2025-11-27T22:11:59.099682,157,person,0.9105712175369263,0,"(14, 61, 498, 479)"
2025-11-27T22:11:59.347309,158,person,0.9175110459327698,0,"(16, 65, 490, 479)"
2025-11-27T22:11:59.703135,159,person,0.910153865814209,0,"(22, 77, 480, 479)"
2025-11-27T22:11:59.935197,160,person,0.8989977240562439,0,"(35, 94, 472, 479)"
2025-11-27T22:12:00.215139,161,person,0.9063993096351624,0,"(29, 95, 476, 479)"
2025-11-27T22:12:00.449883,162,person,0.9061599373817444,0,"(45, 92, 478, 479)"
2025-11-27T22:12:00.681765,163,person,0.9072967171669006,0,"(45, 92, 478, 479)"
2025-11-27T22:12:01.143972,164,person,0.9054194688796997,0,"(41, 91, 478, 479)"
2025-11-27T22:12:01.388228,165,person,0.9054402709007263,0,"(35, 93, 476, 479)"
2025-11-27T22:12:01.626995,166,person,0.9128845930099487,0,"(35, 93, 475, 479)"
2025-11-27T22:12:01.836936,167,person,0.9070581197738647,0,"(31, 93, 476, 479)"
2025-11-27T22:12:02.084877,168,person,0.9080744981765747,0,"(31, 93, 476, 479)"
2025-11-27T22:12:02.303619,169,person,0.9137572050094604,0,"(42, 93, 475, 479)"
2025-11-27T22:12:02.488789,170,person,0.9125357270240784,0,"(35, 94, 475, 479)"
2025-11-27T22:12:02.705798,171,person,0.9108850955963135,0,"(29, 93, 475, 479)"
2025-11-27T22:12:02.929503,172,person,0.9141737222671509,0,"(29, 93, 475, 479)"
2025-11-27T22:12:03.133365,173,person,0.9195474982261658,0,"(23, 93, 475, 479)"
2025-11-27T22:12:03.348253,174,person,0.9180045127868652,0,"(40, 93, 475, 479)"
2025-11-27T22:12:03.573021,175,person,0.9108453392982483,0,"(37, 93, 476, 479)"
2025-11-27T22:12:03.790100,176,person,0.9091708660125732,0,"(36, 92, 476, 479)"
2025-11-27T22:12:04.009500,177,person,0.91428542137146,0,"(31, 93, 475, 479)"
2025-11-27T22:12:04.249442,178,person,0.9129430055618286,0,"(27, 94, 475, 479)"
2025-11-27T22:12:04.497360,179,person,0.9207537174224854,0,"(30, 93, 474, 479)"
2025-11-27T22:12:04.720080,180,person,0.9069172143936157,0,"(29, 93, 476, 479)"
2025-11-27T22:12:04.948700,181,person,0.9026322960853577,0,"(28, 93, 476, 479)"
2025-11-27T22:12:05.178949,182,person,0.9258358478546143,0,"(32, 94, 476, 479)"
2025-11-27T22:12:05.406541,183,person,0.9139918684959412,0,"(29, 93, 475, 479)"
2025-11-27T22:12:05.621330,184,person,0.910372793674469,0,"(45, 93, 476, 479)"
2025-11-27T22:12:05.817179,185,person,0.9122229814529419,0,"(40, 93, 477, 479)"
2025-11-27T22:12:06.021058,186,person,0.9219756126403809,0,"(44, 92, 476, 479)"
2025-11-27T22:12:06.224280,187,person,0.9048620462417603,0,"(38, 93, 477, 479)"
2025-11-27T22:12:06.436696,188,person,0.899092435836792,0,"(43, 92, 478, 479)"
2025-11-27T22:12:06.653343,189,person,0.9020026326179504,0,"(44, 92, 478, 479)"
2025-11-27T22:12:06.904427,190,person,0.8913335204124451,0,"(64, 92, 485, 479)"
2025-11-27T22:12:07.149583,191,person,0.8860628008842468,0,"(87, 97, 511, 479)"
2025-11-27T22:12:07.388543,192,person,0.8733585476875305,0,"(106, 100, 528, 479)"
2025-11-27T22:12:07.642984,193,person,0.8609819412231445,0,"(99, 101, 548, 479)"
2025-11-27T22:12:07.881882,194,person,0.8691771030426025,0,"(105, 105, 548, 479)"
2025-11-27T22:12:08.116290,195,person,0.8810170888900757,0,"(113, 102, 551, 479)"
2025-11-27T22:12:08.345386,196,person,0.8822005987167358,0,"(109, 101, 550, 479)"
2025-11-27T22:12:08.620881,197,person,0.897988498210907,0,"(112, 103, 549, 479)"
2025-11-27T22:12:08.872245,198,person,0.8653298616409302,0,"(105, 107, 544, 479)"
2025-11-27T22:12:09.099490,199,person,0.8867124915122986,0,"(100, 109, 529, 479)"
2025-11-27T22:12:09.316077,200,person,0.886471152305603,0,"(101, 109, 521, 479)"
2025-11-27T22:12:09.528296,201,person,0.8852003216743469,0,"(88, 113, 509, 479)"
2025-11-27T22:12:09.726955,202,person,0.9019932746887207,0,"(82, 115, 495, 479)"
2025-11-27T22:12:09.925488,203,person,0.8931097984313965,0,"(8, 116, 470, 479)"
2025-11-27T22:12:10.117011,204,person,0.8823319673538208,0,"(3, 113, 445, 479)"
2025-11-27T22:12:10.344821,205,person,0.9045448899269104,0,"(3, 111, 435, 479)"
2025-11-27T22:12:10.590256,206,person,0.8787556290626526,0,"(0, 106, 419, 478)"
2025-11-27T22:12:10.795963,207,person,0.8874572515487671,0,"(0, 106, 414, 479)"
2025-11-27T22:12:11.011052,208,person,0.8521571755409241,0,"(1, 105, 416, 478)"
2025-11-27T22:12:11.201684,209,person,0.8894672989845276,0,"(1, 107, 424, 479)"
2025-11-27T22:12:11.409894,210,person,0.9181215167045593,0,"(0, 106, 428, 479)"
2025-11-27T22:12:11.608284,211,person,0.9039413332939148,0,"(12, 108, 444, 478)"
2025-11-27T22:12:11.816568,212,person,0.9003486633300781,0,"(13, 113, 448, 479)"
2025-11-27T22:12:12.023648,213,person,0.9039784073829651,0,"(15, 111, 454, 478)"
2025-11-27T22:12:12.232152,214,person,0.9028497338294983,0,"(12, 109, 452, 479)"
2025-11-27T22:12:12.470490,215,person,0.8985030055046082,0,"(9, 103, 452, 479)"
2025-11-27T22:12:12.671801,216,person,0.910110354423523,0,"(8, 98, 453, 478)"
2025-11-27T22:12:12.904764,217,person,0.9015193581581116,0,"(2, 82, 457, 479)"
2025-11-27T22:12:13.098712,218,person,0.8977974057197571,0,"(5, 76, 467, 478)"
2025-11-27T22:12:13.411583,219,person,0.8900107145309448,0,"(10, 76, 469, 478)"
2025-11-27T22:12:13.627265,220,person,0.8956552147865295,0,"(24, 100, 479, 479)"
2025-11-27T22:12:13.848112,221,person,0.885309636592865,0,"(53, 106, 480, 479)"
2025-11-27T22:12:13.853172,221,couch,0.4363725781440735,4,"(0, 224, 544, 480)"
2025-11-27T22:12:14.076330,222,person,0.8884413242340088,0,"(77, 109, 483, 479)"
2025-11-27T22:12:14.081265,222,couch,0.4037284255027771,4,"(0, 229, 583, 477)"
2025-11-27T22:12:14.312486,223,person,0.8889045119285583,0,"(72, 108, 483, 479)"
2025-11-27T22:12:14.548608,224,person,0.8927354216575623,0,"(52, 108, 482, 479)"
2025-11-27T22:12:14.773903,225,person,0.8876320123672485,0,"(67, 106, 482, 479)"
2025-11-27T22:12:14.995131,226,person,0.8926226496696472,0,"(14, 104, 481, 479)"
2025-11-27T22:12:15.198631,227,person,0.8927516937255859,0,"(61, 106, 483, 479)"
2025-11-27T22:12:15.427900,228,person,0.8961802124977112,0,"(69, 105, 482, 479)"
2025-11-27T22:12:15.636297,229,person,0.8932937383651733,0,"(64, 106, 483, 479)"
2025-11-27T22:12:15.842378,230,person,0.8997516632080078,0,"(54, 106, 482, 479)"
2025-11-27T22:12:16.062534,231,person,0.897304117679596,0,"(73, 106, 483, 479)"
2025-11-27T22:12:16.282329,232,person,0.8998775482177734,0,"(71, 106, 482, 479)"
2025-11-27T22:12:16.503113,233,person,0.8979320526123047,0,"(58, 106, 484, 479)"
2025-11-27T22:12:16.720382,234,person,0.8920868039131165,0,"(65, 105, 482, 479)"
2025-11-27T22:12:16.936439,235,person,0.9021668434143066,0,"(69, 105, 483, 479)"
2025-11-27T22:12:17.164487,236,person,0.8890567421913147,0,"(58, 106, 483, 479)"
2025-11-27T22:12:17.389444,237,person,0.9056366682052612,0,"(50, 105, 482, 479)"
2025-11-27T22:12:17.642111,238,person,0.8974922895431519,0,"(76, 105, 482, 479)"
2025-11-27T22:12:17.821989,239,person,0.8944435715675354,0,"(32, 105, 483, 479)"
2025-11-27T22:12:17.930270,240,person,0.8966259956359863,0,"(57, 105, 482, 479)"
2025-11-27T22:12:18.059871,241,person,0.8966259956359863,0,"(57, 105, 482, 479)"
2025-11-27T22:12:18.168892,242,person,0.9009971618652344,0,"(36, 105, 482, 479)"
2025-11-27T22:12:18.272145,243,person,0.8869903087615967,0,"(58, 104, 482, 479)"
2025-11-27T22:12:18.375517,244,person,0.8911157250404358,0,"(45, 105, 483, 479)"
2025-11-27T22:12:18.485496,245,person,0.8913951516151428,0,"(24, 105, 483, 479)"
2025-11-27T22:12:18.597097,246,person,0.8911407589912415,0,"(31, 105, 483, 479)"
2025-11-27T22:12:18.696560,247,person,0.8911407589912415,0,"(31, 105, 483, 479)"
2025-11-27T22:12:18.801237,248,person,0.8923560976982117,0,"(37, 104, 482, 479)"
2025-11-27T22:12:18.902849,249,person,0.8882952332496643,0,"(34, 103, 482, 479)"
2025-11-27T22:12:19.005227,250,person,0.896297037601471,0,"(57, 103, 483, 479)"
2025-11-27T22:12:19.115331,251,person,0.8856339454650879,0,"(32, 102, 483, 479)"
2025-11-27T22:12:19.214129,252,person,0.8856339454650879,0,"(32, 102, 483, 479)"
2025-11-27T22:12:19.313367,253,person,0.8949023485183716,0,"(49, 103, 483, 479)"
2025-11-27T22:12:19.412694,254,person,0.897676944732666,0,"(51, 102, 484, 479)"
2025-11-27T22:12:19.521125,255,person,0.897676944732666,0,"(51, 102, 484, 479)"
2025-11-27T22:12:19.616056,256,person,0.8943029046058655,0,"(50, 103, 483, 479)"
2025-11-27T22:12:19.715901,257,person,0.9026962518692017,0,"(40, 102, 483, 479)"
2025-11-27T22:12:19.821624,258,person,0.9064868092536926,0,"(25, 104, 483, 479)"
2025-11-27T22:12:20.263521,259,person,0.8976743817329407,0,"(54, 103, 483, 479)"
2025-11-27T22:12:20.398814,260,person,0.8871995806694031,0,"(54, 101, 483, 479)"
2025-11-27T22:12:20.485359,261,person,0.8917251229286194,0,"(56, 104, 482, 479)"
2025-11-27T22:12:20.582774,262,person,0.8881497383117676,0,"(57, 102, 482, 479)"
2025-11-27T22:12:20.709697,263,person,0.8892885446548462,0,"(50, 104, 481, 479)"
2025-11-27T22:12:20.803237,264,person,0.8892885446548462,0,"(50, 104, 481, 479)"
2025-11-27T22:12:20.894016,265,person,0.8970586657524109,0,"(57, 105, 480, 479)"
2025-11-27T22:12:20.988106,266,person,0.895890474319458,0,"(59, 105, 480, 479)"
2025-11-27T22:12:21.092934,267,person,0.895890474319458,0,"(59, 105, 480, 479)"
2025-11-27T22:12:21.200304,268,person,0.8913999199867249,0,"(46, 106, 479, 479)"
2025-11-27T22:12:21.311379,269,person,0.892759382724762,0,"(30, 106, 480, 479)"
2025-11-27T22:12:21.418191,270,person,0.8888577818870544,0,"(43, 105, 480, 479)"
2025-11-27T22:12:21.513945,271,person,0.8888577818870544,0,"(43, 105, 480, 479)"
2025-11-27T22:12:21.620923,272,person,0.8904170393943787,0,"(37, 104, 481, 479)"
2025-11-27T22:12:21.728639,273,person,0.8905090689659119,0,"(23, 104, 481, 479)"
2025-11-27T22:12:21.837052,274,person,0.8951846361160278,0,"(35, 104, 482, 479)"
2025-11-27T22:12:22.238276,275,person,0.8928201794624329,0,"(33, 104, 481, 479)"
2025-11-27T22:12:22.386122,276,person,0.8974254131317139,0,"(39, 104, 481, 479)"
2025-11-27T22:12:22.481372,277,person,0.8971658945083618,0,"(34, 104, 481, 479)"
2025-11-27T22:12:22.595533,278,person,0.8971658945083618,0,"(34, 104, 481, 479)"
2025-11-27T22:12:22.707448,279,person,0.890970766544342,0,"(58, 104, 480, 479)"
2025-11-27T22:12:22.808001,280,person,0.8990610241889954,0,"(21, 105, 480, 479)"
2025-11-27T22:12:22.915929,281,person,0.8949107527732849,0,"(34, 105, 480, 479)"
2025-11-27T22:12:23.009502,282,person,0.8859055042266846,0,"(33, 104, 480, 479)"
2025-11-27T22:12:23.113071,283,person,0.8859055042266846,0,"(33, 104, 480, 479)"
2025-11-27T22:12:23.211673,284,person,0.8859349489212036,0,"(35, 104, 480, 479)"
2025-11-27T22:12:23.316324,285,person,0.8920729756355286,0,"(40, 104, 480, 479)"
2025-11-27T22:12:23.425988,286,person,0.8865665793418884,0,"(35, 103, 481, 479)"
2025-11-27T22:12:23.529362,287,person,0.8767833709716797,0,"(40, 103, 481, 479)"
2025-11-27T22:12:23.637950,288,person,0.8917715549468994,0,"(45, 104, 481, 479)"
2025-11-27T22:12:23.733897,289,person,0.8917715549468994,0,"(45, 104, 481, 479)"
2025-11-27T22:12:24.162361,290,person,0.901574969291687,0,"(47, 104, 480, 479)"
2025-11-27T22:12:24.304150,291,person,0.8882213234901428,0,"(35, 104, 481, 479)"
2025-11-27T22:12:24.418106,292,person,0.8975756168365479,0,"(34, 105, 481, 479)"
2025-11-27T22:12:24.531492,293,person,0.8935306668281555,0,"(45, 105, 480, 479)"
2025-11-27T22:12:24.641145,294,person,0.9025124907493591,0,"(44, 105, 481, 479)"
2025-11-27T22:12:24.741579,295,person,0.9029920101165771,0,"(56, 104, 481, 479)"
2025-11-27T22:12:25.183031,296,person,0.8951619267463684,0,"(43, 104, 481, 479)"
2025-11-27T22:12:25.336832,297,person,0.8891810774803162,0,"(45, 104, 481, 479)"
2025-11-27T22:12:25.451794,298,person,0.8970761299133301,0,"(48, 105, 480, 479)"
2025-11-27T22:12:25.560152,299,person,0.8814050555229187,0,"(47, 103, 481, 479)"
2025-11-27T22:12:25.659038,300,person,0.896750271320343,0,"(55, 104, 481, 479)"
2025-11-27T22:12:26.105605,301,person,0.8885040879249573,0,"(42, 105, 481, 479)"
2025-11-27T22:12:26.245400,302,person,0.8916880488395691,0,"(38, 104, 481, 479)"
2025-11-27T22:12:26.355044,303,person,0.8889002799987793,0,"(23, 104, 480, 479)"
2025-11-27T22:12:26.464636,304,person,0.8889002799987793,0,"(23, 104, 480, 479)"
2025-11-27T22:12:26.903491,305,person,0.8913782238960266,0,"(45, 106, 479, 479)"
2025-11-27T22:12:27.047174,306,person,0.8881054520606995,0,"(42, 110, 469, 479)"
2025-11-27T22:12:27.150819,307,person,0.9075628519058228,0,"(22, 110, 471, 479)"
2025-11-27T22:12:27.250126,308,person,0.9075628519058228,0,"(22, 110, 471, 479)"
2025-11-27T22:12:27.344895,309,person,0.8857417106628418,0,"(31, 107, 482, 479)"
2025-11-27T22:12:27.691053,310,person,0.8737779259681702,0,"(10, 100, 515, 479)"
2025-11-27T22:12:27.821119,311,person,0.8752691149711609,0,"(84, 85, 523, 479)"
2025-11-27T22:12:27.924827,312,person,0.8712756633758545,0,"(85, 74, 532, 479)"
2025-11-27T22:12:28.019141,313,person,0.8712756633758545,0,"(85, 74, 532, 479)"
2025-11-27T22:12:28.117914,314,person,0.8602427244186401,0,"(84, 70, 545, 479)"
2025-11-27T22:12:28.483283,315,person,0.883064329624176,0,"(83, 69, 535, 479)"
2025-11-27T22:12:28.628271,316,person,0.8738469481468201,0,"(79, 70, 527, 479)"
2025-11-27T22:12:28.724053,317,person,0.883775532245636,0,"(82, 69, 532, 479)"
2025-11-27T22:12:28.726614,317,person,0.4214794337749481,5,"(0, 227, 85, 479)"
2025-11-27T22:12:29.171067,318,person,0.8782087564468384,0,"(82, 69, 533, 479)"
2025-11-27T22:12:29.313749,319,person,0.8692344427108765,0,"(83, 70, 539, 479)"
2025-11-27T22:12:29.808740,320,person,0.8815233707427979,0,"(84, 70, 533, 479)"
2025-11-27T22:12:29.949098,321,person,0.8908121585845947,0,"(82, 71, 532, 479)"
2025-11-27T22:12:30.074293,322,person,0.878667414188385,0,"(83, 72, 535, 479)"
2025-11-27T22:12:30.305037,323,person,0.8829732537269592,0,"(83, 72, 535, 479)"
2025-11-27T22:12:30.445205,324,person,0.8746376037597656,0,"(84, 72, 537, 479)"
2025-11-27T22:12:30.725706,325,person,0.876176655292511,0,"(83, 71, 536, 479)"
2025-11-27T22:12:30.979209,326,person,0.8703509569168091,0,"(82, 72, 537, 479)"
2025-11-27T22:12:31.179279,327,person,0.8788567185401917,0,"(83, 72, 535, 479)"
2025-11-27T22:12:31.369619,328,person,0.8782910704612732,0,"(82, 72, 532, 479)"
2025-11-27T22:12:31.563451,329,person,0.8740599155426025,0,"(81, 71, 533, 479)"
2025-11-27T22:12:31.755560,330,person,0.8800792098045349,0,"(81, 71, 536, 479)"
2025-11-27T22:12:31.961653,331,person,0.8776717185974121,0,"(84, 72, 534, 479)"
2025-11-27T22:12:31.965297,331,person,0.47653695940971375,5,"(0, 234, 84, 479)"
2025-11-27T22:12:32.194879,332,person,0.8760719299316406,0,"(82, 71, 533, 479)"
2025-11-27T22:12:32.199577,332,person,0.746947705745697,5,"(0, 237, 84, 479)"
2025-11-27T22:12:32.467093,333,person,0.875605046749115,0,"(82, 71, 534, 479)"
2025-11-27T22:12:32.470505,333,person,0.670527458190918,5,"(0, 237, 85, 480)"
2025-11-27T22:12:32.687744,334,person,0.8721189498901367,0,"(82, 71, 535, 479)"
2025-11-27T22:12:32.692379,334,person,0.7454609274864197,5,"(0, 238, 82, 479)"
2025-11-27T22:12:32.904261,335,person,0.8736509084701538,0,"(83, 69, 537, 479)"
2025-11-27T22:12:32.906795,335,person,0.7223548293113708,5,"(0, 237, 83, 479)"
2025-11-27T22:12:33.532586,336,person,0.8816846013069153,0,"(84, 71, 533, 479)"
2025-11-27T22:12:33.534886,336,person,0.7109023332595825,5,"(0, 240, 84, 479)"
2025-11-27T22:12:33.648700,337,person,0.8838403224945068,0,"(84, 71, 532, 479)"
2025-11-27T22:12:33.651463,337,person,0.6111316680908203,5,"(0, 240, 84, 479)"
2025-11-27T22:12:33.762618,338,person,0.8783351182937622,0,"(85, 70, 539, 479)"
2025-11-27T22:12:33.765099,338,person,0.6579774022102356,5,"(0, 240, 83, 479)"
2025-11-27T22:12:33.881494,339,person,0.8831164240837097,0,"(83, 72, 533, 479)"
2025-11-27T22:12:33.883936,339,person,0.4752485156059265,5,"(0, 240, 84, 479)"
2025-11-27T22:12:33.995037,340,person,0.8809577822685242,0,"(83, 71, 532, 479)"
2025-11-27T22:12:34.102742,341,person,0.876697301864624,0,"(81, 70, 533, 479)"
2025-11-27T22:12:34.105057,341,person,0.4053705036640167,5,"(0, 239, 82, 479)"
2025-11-27T22:12:34.211888,342,person,0.8771640062332153,0,"(84, 72, 534, 479)"
2025-11-27T22:12:34.214224,342,person,0.40878987312316895,5,"(0, 238, 85, 479)"
2025-11-27T22:12:34.323349,343,person,0.8771640062332153,0,"(84, 72, 534, 479)"
2025-11-27T22:12:34.325736,343,person,0.40878987312316895,5,"(0, 238, 85, 479)"
2025-11-27T22:12:34.436178,344,person,0.8685768842697144,0,"(83, 72, 535, 479)"
2025-11-27T22:12:34.898162,345,person,0.8828410506248474,0,"(83, 70, 533, 479)"
2025-11-27T22:12:35.032105,346,person,0.8713133931159973,0,"(84, 72, 534, 479)"
2025-11-27T22:12:35.141683,347,person,0.8713133931159973,0,"(84, 72, 534, 479)"
2025-11-27T22:12:35.257450,348,person,0.8686786890029907,0,"(82, 70, 534, 479)"
2025-11-27T22:12:35.365530,349,person,0.8718478679656982,0,"(81, 73, 534, 479)"
2025-11-27T22:12:35.367972,349,person,0.4305054545402527,5,"(0, 339, 81, 479)"
2025-11-27T22:12:35.477641,350,person,0.8784613013267517,0,"(83, 70, 533, 479)"
2025-11-27T22:12:35.815179,351,person,0.8764694929122925,0,"(82, 72, 536, 479)"
2025-11-27T22:12:35.958026,352,person,0.8721121549606323,0,"(83, 71, 538, 479)"
2025-11-27T22:12:36.072154,353,person,0.8721121549606323,0,"(83, 71, 538, 479)"
2025-11-27T22:12:36.186455,354,person,0.8762481808662415,0,"(83, 72, 536, 479)"
2025-11-27T22:12:36.507062,355,person,0.8717688322067261,0,"(82, 71, 542, 479)"
2025-11-27T22:12:36.643978,356,person,0.8678141832351685,0,"(81, 71, 538, 479)"
2025-11-27T22:12:36.762604,357,person,0.8743811249732971,0,"(81, 72, 540, 479)"
2025-11-27T22:12:36.871816,358,person,0.8694068789482117,0,"(79, 72, 536, 479)"
2025-11-27T22:12:37.141584,359,person,0.8710359930992126,0,"(80, 72, 536, 479)"
2025-11-27T22:12:37.273393,360,person,0.8558748960494995,0,"(77, 72, 540, 479)"
2025-11-27T22:12:37.385306,361,person,0.8756695985794067,0,"(80, 72, 536, 479)"
2025-11-27T22:12:37.495110,362,person,0.8727299571037292,0,"(82, 72, 534, 479)"
2025-11-27T22:12:37.744732,363,person,0.8607825040817261,0,"(82, 70, 537, 479)"
2025-11-27T22:12:37.874157,364,person,0.881554126739502,0,"(78, 63, 537, 479)"
2025-11-27T22:12:37.991504,365,person,0.872765302658081,0,"(56, 64, 532, 479)"
2025-11-27T22:12:38.267936,366,person,0.8687898516654968,0,"(74, 67, 529, 479)"
2025-11-27T22:12:38.384077,367,person,0.8696774840354919,0,"(76, 69, 532, 479)"
2025-11-27T22:12:38.466825,368,person,0.8757585883140564,0,"(73, 68, 530, 479)"
2025-11-27T22:12:38.552717,369,person,0.8757585883140564,0,"(73, 68, 530, 479)"
2025-11-27T22:12:38.871947,370,person,0.866199254989624,0,"(75, 69, 535, 479)"
2025-11-27T22:12:38.995673,371,person,0.887270450592041,0,"(80, 70, 532, 479)"
2025-11-27T22:12:38.997709,371,person,0.4508418142795563,5,"(0, 214, 86, 478)"
2025-11-27T22:12:39.088897,372,person,0.860717236995697,0,"(76, 70, 538, 479)"
2025-11-27T22:12:39.172100,373,person,0.8673036694526672,0,"(80, 70, 536, 479)"
2025-11-27T22:12:39.174248,373,person,0.4660816192626953,5,"(0, 214, 86, 478)"
2025-11-27T22:12:39.252857,374,person,0.8673036694526672,0,"(80, 70, 536, 479)"
2025-11-27T22:12:39.255107,374,person,0.4660816192626953,5,"(0, 214, 86, 478)"
2025-11-27T22:12:39.520352,375,person,0.8628964424133301,0,"(76, 68, 532, 479)"
2025-11-27T22:12:39.655775,376,person,0.8665541410446167,0,"(78, 69, 529, 479)"
2025-11-27T22:12:39.744115,377,person,0.8750362992286682,0,"(80, 69, 537, 479)"
2025-11-27T22:12:39.824286,378,person,0.8727616667747498,0,"(84, 72, 539, 479)"
2025-11-27T22:12:39.826536,378,person,0.40712687373161316,5,"(0, 223, 87, 479)"
2025-11-27T22:12:39.912870,379,person,0.8727616667747498,0,"(84, 72, 539, 479)"
2025-11-27T22:12:39.915357,379,person,0.40712687373161316,5,"(0, 223, 87, 479)"
2025-11-27T22:12:40.034382,380,person,0.8573119640350342,0,"(89, 74, 536, 479)"
2025-11-27T22:12:40.144865,381,person,0.8752720952033997,0,"(90, 76, 540, 479)"
2025-11-27T22:12:40.252590,382,person,0.8745139241218567,0,"(90, 79, 545, 479)"
2025-11-27T22:12:40.365624,383,person,0.8775750994682312,0,"(95, 80, 540, 479)"
2025-11-27T22:12:40.368220,383,person,0.5177803039550781,5,"(0, 217, 88, 479)"
2025-11-27T22:12:40.481952,384,person,0.8775750994682312,0,"(95, 80, 540, 479)"
2025-11-27T22:12:40.484337,384,person,0.5177803039550781,5,"(0, 217, 88, 479)"
2025-11-27T22:12:40.592088,385,person,0.8709170818328857,0,"(95, 79, 543, 479)"
2025-11-27T22:12:40.594410,385,person,0.6175979971885681,5,"(0, 218, 89, 479)"
2025-11-27T22:12:40.697149,386,person,0.8739395141601562,0,"(94, 78, 548, 479)"
2025-11-27T22:12:40.699408,386,person,0.6489213705062866,5,"(0, 217, 88, 479)"
2025-11-27T22:12:40.801171,387,person,0.8815125226974487,0,"(95, 78, 541, 479)"
2025-11-27T22:12:40.803525,387,person,0.6177343130111694,5,"(0, 217, 91, 479)"
2025-11-27T22:12:40.907987,388,person,0.8758458495140076,0,"(96, 80, 541, 479)"
2025-11-27T22:12:40.910518,388,person,0.5504468679428101,5,"(0, 218, 94, 479)"
2025-11-27T22:12:41.018457,389,person,0.8795492053031921,0,"(97, 79, 539, 479)"
2025-11-27T22:12:41.020790,389,person,0.5020167827606201,5,"(0, 218, 87, 478)"
2025-11-27T22:12:41.146780,390,person,0.8725624084472656,0,"(95, 79, 545, 479)"
2025-11-27T22:12:41.148783,390,person,0.6375240683555603,5,"(0, 217, 93, 479)"
2025-11-27T22:12:41.245543,391,person,0.8725624084472656,0,"(95, 79, 545, 479)"
2025-11-27T22:12:41.247783,391,person,0.6375240683555603,5,"(0, 217, 93, 479)"
2025-11-27T22:12:41.350036,392,person,0.8684764504432678,0,"(96, 79, 545, 479)"
2025-11-27T22:12:41.352137,392,person,0.6110486388206482,5,"(0, 217, 92, 479)"
2025-11-27T22:12:41.453863,393,person,0.8820568919181824,0,"(97, 79, 548, 479)"
2025-11-27T22:12:41.456186,393,person,0.6226710081100464,5,"(0, 216, 92, 479)"
2025-11-27T22:12:41.553597,394,person,0.8620368242263794,0,"(97, 79, 546, 479)"
2025-11-27T22:12:41.555823,394,person,0.6312476396560669,5,"(0, 213, 90, 479)"
2025-11-27T22:12:41.652804,395,person,0.8620368242263794,0,"(97, 79, 546, 479)"
2025-11-27T22:12:41.655069,395,person,0.6312476396560669,5,"(0, 213, 90, 479)"
2025-11-27T22:12:41.755987,396,person,0.8675550222396851,0,"(98, 80, 541, 479)"
2025-11-27T22:12:41.758524,396,person,0.5038732290267944,5,"(0, 211, 91, 478)"
2025-11-27T22:12:41.859702,397,person,0.8634397983551025,0,"(97, 80, 545, 479)"
2025-11-27T22:12:41.962622,398,person,0.8622161746025085,0,"(95, 79, 547, 479)"
2025-11-27T22:12:42.172446,399,person,0.8622161746025085,0,"(95, 79, 547, 479)"
2025-11-27T22:12:42.321882,400,person,0.8731948137283325,0,"(98, 80, 543, 479)"
2025-11-27T22:12:42.480692,401,person,0.8781591057777405,0,"(98, 82, 545, 479)"
2025-11-27T22:12:42.598878,402,person,0.8835620880126953,0,"(100, 80, 541, 479)"
2025-11-27T22:12:42.695765,403,person,0.8726698756217957,0,"(96, 79, 547, 479)"
2025-11-27T22:12:42.809221,404,person,0.869066596031189,0,"(94, 78, 544, 479)"
2025-11-27T22:12:42.933892,405,person,0.8765015602111816,0,"(96, 78, 543, 479)"
2025-11-27T22:12:43.013000,406,person,0.8614043593406677,0,"(95, 78, 546, 479)"
2025-11-27T22:12:43.101281,407,person,0.8614043593406677,0,"(95, 78, 546, 479)"
2025-11-27T22:12:43.180511,408,person,0.8732306957244873,0,"(96, 79, 548, 479)"
2025-11-27T22:12:43.259017,409,person,0.8820164799690247,0,"(97, 81, 544, 479)"
2025-11-27T22:12:43.336285,410,person,0.8820164799690247,0,"(97, 81, 544, 479)"
2025-11-27T22:12:43.403582,411,person,0.8841080069541931,0,"(97, 81, 542, 479)"
2025-11-27T22:12:43.476311,412,person,0.8841080069541931,0,"(97, 81, 542, 479)"
2025-11-27T22:12:43.545167,413,person,0.8698845505714417,0,"(96, 79, 541, 479)"
2025-11-27T22:12:43.618766,414,person,0.8698845505714417,0,"(96, 79, 541, 479)"
2025-11-27T22:12:43.690685,415,person,0.8830177783966064,0,"(97, 78, 543, 479)"
2025-11-27T22:12:43.775996,416,person,0.8699634075164795,0,"(96, 81, 544, 479)"
2025-11-27T22:12:43.847183,417,person,0.8699634075164795,0,"(96, 81, 544, 479)"
2025-11-27T22:12:43.928575,418,person,0.8699634075164795,0,"(96, 81, 544, 479)"
2025-11-27T22:12:44.014972,419,person,0.8782246112823486,0,"(96, 80, 546, 479)"
2025-11-27T22:12:44.132641,420,person,0.8769698739051819,0,"(96, 80, 545, 479)"
2025-11-27T22:12:44.320094,421,person,0.8717297911643982,0,"(97, 81, 543, 479)"
2025-11-27T22:12:44.495248,422,person,0.8768808841705322,0,"(96, 81, 545, 479)"
2025-11-27T22:12:44.691857,423,person,0.8843014240264893,0,"(98, 81, 547, 479)"
2025-11-27T22:12:44.866136,424,person,0.874967098236084,0,"(96, 80, 541, 479)"
2025-11-27T22:12:44.871507,424,person,0.4129091501235962,5,"(0, 242, 87, 479)"
2025-11-27T22:12:45.049406,425,person,0.8805995583534241,0,"(96, 78, 543, 479)"
2025-11-27T22:12:45.054312,425,person,0.5299845933914185,5,"(0, 243, 79, 479)"
2025-11-27T22:12:45.228893,426,person,0.8782064914703369,0,"(96, 81, 544, 479)"
2025-11-27T22:12:45.381439,427,person,0.866417646408081,0,"(96, 80, 545, 479)"
2025-11-27T22:12:45.384059,427,person,0.49429482221603394,5,"(0, 243, 90, 479)"
2025-11-27T22:12:45.501742,428,person,0.8755018711090088,0,"(97, 79, 539, 479)"
2025-11-27T22:12:45.601162,429,person,0.8699482083320618,0,"(96, 79, 543, 479)"
2025-11-27T22:12:45.705906,430,person,0.8650990724563599,0,"(95, 79, 542, 479)"
2025-11-27T22:12:45.817860,431,person,0.8654889464378357,0,"(95, 79, 539, 479)"
2025-11-27T22:12:45.930565,432,person,0.8654889464378357,0,"(95, 79, 539, 479)"
2025-11-27T22:12:46.038305,433,person,0.8640121817588806,0,"(95, 78, 543, 479)"
2025-11-27T22:12:46.132060,434,person,0.8685057759284973,0,"(95, 78, 546, 479)"
2025-11-27T22:12:46.214664,435,person,0.8631675243377686,0,"(95, 77, 542, 479)"
2025-11-27T22:12:46.295950,436,person,0.8631675243377686,0,"(95, 77, 542, 479)"
2025-11-27T22:12:46.380179,437,person,0.8697195649147034,0,"(90, 78, 544, 479)"
2025-11-27T22:12:46.456418,438,person,0.8697195649147034,0,"(90, 78, 544, 479)"
2025-11-27T22:12:46.535905,439,person,0.8730517625808716,0,"(87, 76, 539, 479)"
2025-11-27T22:12:46.611909,440,person,0.8672643303871155,0,"(87, 76, 536, 479)"
2025-11-27T22:12:46.728190,441,person,0.8635030388832092,0,"(82, 75, 527, 479)"
2025-11-27T22:12:46.810079,442,person,0.8635030388832092,0,"(82, 75, 527, 479)"
2025-11-27T22:12:46.887719,443,person,0.872093677520752,0,"(81, 74, 525, 479)"
2025-11-27T22:12:46.964654,444,person,0.872093677520752,0,"(81, 74, 525, 479)"
2025-11-27T22:12:47.043360,445,person,0.8766247630119324,0,"(80, 75, 524, 479)"
2025-11-27T22:12:47.123051,446,person,0.8766247630119324,0,"(80, 75, 524, 479)"
2025-11-27T22:12:47.201988,447,person,0.8728862404823303,0,"(84, 75, 524, 479)"
2025-11-27T22:12:47.280480,448,person,0.8852928280830383,0,"(84, 74, 526, 479)"
2025-11-27T22:12:47.399735,449,person,0.8742689490318298,0,"(86, 74, 526, 479)"
2025-11-27T22:12:47.475537,450,person,0.8742689490318298,0,"(86, 74, 526, 479)"
2025-11-27T22:12:47.544811,451,person,0.8701742887496948,0,"(87, 75, 533, 479)"
2025-11-27T22:12:47.616388,452,person,0.8701742887496948,0,"(87, 75, 533, 479)"
2025-11-27T22:12:47.684001,453,person,0.8699801564216614,0,"(86, 75, 530, 479)"
2025-11-27T22:12:47.757129,454,person,0.8699801564216614,0,"(86, 75, 530, 479)"
2025-11-27T22:12:48.118451,455,person,0.871414065361023,0,"(84, 75, 529, 479)"
2025-11-27T22:12:48.324096,456,person,0.8832904100418091,0,"(82, 76, 524, 479)"
2025-11-27T22:12:48.530057,457,person,0.878587543964386,0,"(81, 77, 523, 479)"
2025-11-27T22:12:48.724021,458,person,0.8832510709762573,0,"(67, 75, 522, 479)"
2025-11-27T22:12:48.906624,459,person,0.8765921592712402,0,"(20, 72, 520, 479)"
2025-11-27T22:12:49.089922,460,person,0.892993152141571,0,"(16, 74, 515, 479)"
2025-11-27T22:12:49.284293,461,person,0.8695152401924133,0,"(0, 92, 521, 478)"
2025-11-27T22:12:49.466808,462,person,0.8520874977111816,0,"(16, 93, 515, 479)"
2025-11-27T22:12:49.659368,463,person,0.8707326650619507,0,"(6, 94, 514, 479)"
2025-11-27T22:12:49.855381,464,person,0.854422926902771,0,"(11, 94, 515, 479)"
2025-11-27T22:12:50.051083,465,person,0.8512018918991089,0,"(35, 94, 509, 479)"
2025-11-27T22:12:50.245517,466,person,0.8640811443328857,0,"(19, 95, 508, 479)"
2025-11-27T22:12:50.440174,467,person,0.8861231803894043,0,"(31, 86, 507, 479)"
2025-11-27T22:12:50.668257,468,person,0.857324481010437,0,"(37, 79, 512, 479)"
2025-11-27T22:12:50.885393,469,person,0.8833967447280884,0,"(6, 80, 502, 479)"
2025-11-27T22:12:51.125108,470,person,0.9040372967720032,0,"(15, 81, 497, 479)"
2025-11-27T22:12:51.432076,471,person,0.8889679908752441,0,"(16, 78, 494, 479)"
2025-11-27T22:12:51.679820,472,person,0.8662869930267334,0,"(20, 78, 490, 479)"
2025-11-27T22:12:51.906483,473,person,0.8780093193054199,0,"(7, 82, 491, 479)"
2025-11-27T22:12:52.125521,474,person,0.869807779788971,0,"(25, 95, 487, 479)"
2025-11-27T22:12:52.374146,475,person,0.8621590733528137,0,"(46, 108, 487, 479)"
2025-11-27T22:12:52.601051,476,person,0.8558046817779541,0,"(24, 113, 488, 479)"
2025-11-27T22:12:52.824248,477,person,0.8858581185340881,0,"(13, 112, 492, 480)"
2025-11-27T22:12:53.041728,478,person,0.8906152248382568,0,"(63, 105, 499, 479)"
2025-11-27T22:12:53.047256,478,couch,0.40377092361450195,6,"(0, 233, 588, 478)"
2025-11-27T22:12:53.245398,479,person,0.8939714431762695,0,"(14, 104, 501, 479)"
2025-11-27T22:12:53.455319,480,person,0.8944861888885498,0,"(71, 104, 502, 479)"
2025-11-27T22:12:53.654870,481,person,0.900425910949707,0,"(63, 105, 499, 479)"
2025-11-27T22:12:53.897341,482,person,0.8980623483657837,0,"(61, 104, 498, 479)"
2025-11-27T22:12:54.325977,483,person,0.908180296421051,0,"(56, 103, 498, 479)"
2025-11-27T22:12:54.560417,484,person,0.9008656740188599,0,"(66, 103, 498, 478)"
2025-11-27T22:12:54.769541,485,person,0.9088153839111328,0,"(75, 104, 497, 479)"
2025-11-27T22:12:54.968822,486,person,0.9044429659843445,0,"(67, 104, 498, 479)"
2025-11-27T22:12:55.185856,487,person,0.9090362191200256,0,"(72, 104, 498, 479)"
2025-11-27T22:12:55.398224,488,person,0.8971400856971741,0,"(71, 104, 498, 479)"
2025-11-27T22:12:55.613559,489,person,0.9019742608070374,0,"(66, 105, 498, 479)"
2025-11-27T22:12:55.866145,490,person,0.9027129411697388,0,"(61, 104, 498, 478)"
2025-11-27T22:12:56.191620,491,person,0.9097840189933777,0,"(53, 104, 499, 479)"
2025-11-27T22:12:56.525244,492,person,0.9009432792663574,0,"(56, 104, 499, 479)"
2025-11-27T22:12:56.790572,493,person,0.905475378036499,0,"(58, 103, 498, 479)"
2025-11-27T22:12:57.039495,494,person,0.903030514717102,0,"(72, 104, 500, 479)"
2025-11-27T22:12:57.287724,495,person,0.9018840193748474,0,"(68, 104, 500, 479)"
2025-11-27T22:12:57.537216,496,person,0.8984236717224121,0,"(59, 104, 498, 479)"
2025-11-27T22:12:57.806012,497,person,0.8965473175048828,0,"(45, 103, 498, 479)"
2025-11-27T22:12:58.121537,498,person,0.9060941934585571,0,"(52, 104, 497, 479)"
2025-11-27T22:12:58.401623,499,person,0.8997184038162231,0,"(67, 104, 498, 479)"
2025-11-27T22:12:58.667883,500,person,0.8992637991905212,0,"(59, 105, 500, 479)"
2025-11-27T22:12:58.941732,501,person,0.8924545645713806,0,"(68, 107, 500, 479)"
2025-11-27T22:12:59.183328,502,person,0.902157723903656,0,"(64, 105, 499, 479)"
